case_id,domain,seed,robust_diagonal,scale_median_over_diagonal,scale_q95_over_diagonal,match_median_over_diagonal,match_q95_over_diagonal,support_probability_mean,valid_fraction,abs_normal_displacement_q95_over_diagonal
nominal-seed-100000,nominal,100000,2902.5822807957607,0.0006680066259674043,0.004000363570831846,0.002589361297355658,0.019861771385545627,0.050183022547339785,0.7996794871794872,0.006909410026983658
nominal-seed-100001,nominal,100001,2899.581217527768,0.0005894299316599519,0.0035667627208886494,0.0020291283319360657,0.017771762467459953,0.06412056895655706,0.8012820512820513,0.006459077075853472
nominal-seed-100002,nominal,100002,2899.3262176159296,0.0006132775028994253,0.0039681270510554915,0.0021984989234576998,0.019748863200270212,0.06459535339460856,0.8125,0.006440865753929379
nominal-seed-100003,nominal,100003,2903.982533878539,0.000633210478177233,0.004069781790045154,0.00230827171716808,0.020236174211031917,0.07460700403043449,0.7980769230769231,0.005880508923103027
nominal-seed-100004,nominal,100004,2896.521068599828,0.0006471293300220396,0.003995519347355373,0.0024726046526525546,0.019656807614190884,0.057583177407974764,0.7948717948717948,0.0065349163016881345
nominal-seed-100005,nominal,100005,2901.3659537824333,0.0006460312870972656,0.003950741580119289,0.002317082942143786,0.01968540859990588,0.06985103272149079,0.7948717948717948,0.006173126967679558
nominal-seed-100006,nominal,100006,2900.7789701597335,0.0006324758696921865,0.004013960559369395,0.00242073190339945,0.019943160538677368,0.060092965171405284,0.7980769230769231,0.005949191362234742
nominal-seed-100007,nominal,100007,2901.297431630332,0.0006324435755142379,0.003951309503123794,0.0023071227381100874,0.019678423939595163,0.06385710301643399,0.7996794871794872,0.0067399191607016625
nominal-seed-100008,nominal,100008,2902.419863575519,0.0006847268054662844,0.003961285530785845,0.0026780889607366043,0.01977545444031005,0.058114210902563176,0.7932692307692307,0.006815908109495552
nominal-seed-100009,nominal,100009,2901.4255449943043,0.0006596723039238265,0.003984005292084703,0.002604882965172511,0.019799315460407776,0.06638333596225096,0.8012820512820513,0.007199004425580635
nominal-seed-100010,nominal,100010,2904.885422308224,0.0006878370155103522,0.003992971524246468,0.0027364212086908625,0.019857380413179145,0.07064305419957727,0.8060897435897436,0.006476873814643315
nominal-seed-100011,nominal,100011,2904.2929794256615,0.0005904297946751703,0.0036658921073956063,0.002085520083358243,0.018248412943110116,0.06648903991669694,0.7948717948717948,0.005635166316066378
nominal-seed-100012,nominal,100012,2892.402591568373,0.0007079036366263975,0.00389177187836513,0.0028342930898892127,0.019382803740517818,0.05448134720462891,0.7900641025641025,0.00692634291789623
nominal-seed-100013,nominal,100013,2904.876803221917,0.0005812820212729949,0.00365282797764708,0.0022505678930734236,0.018179290365355264,0.07068158255601276,0.7980769230769231,0.006662713436955221
nominal-seed-100014,nominal,100014,2899.426113264781,0.0006365623777153772,0.0039879201844312435,0.0024191598864151476,0.019781084032936908,0.06505236147812643,0.7980769230769231,0.006250802838342095
nominal-seed-100015,nominal,100015,2908.579302179273,0.0006614820391229509,0.0042544910683262995,0.0023781070016220458,0.02118763988534213,0.07484335672466791,0.7980769230769231,0.005698975673418487
nominal-seed-100016,nominal,100016,2898.804964421328,0.0006581688151051117,0.004021066172952141,0.0024618312611348367,0.02003649531425094,0.05553750233548069,0.7884615384615384,0.006786871386150187
nominal-seed-100017,nominal,100017,2899.4892101797195,0.0005979800284819267,0.003893948230817827,0.0022298582906226483,0.01934808981898543,0.06339277339108546,0.8108974358974359,0.006226612400536438
nominal-seed-100018,nominal,100018,2903.543898616936,0.0006784159341751641,0.003999927757012427,0.002294288508936017,0.01984704447787916,0.06736423163625958,0.7964743589743589,0.00608274624910791
nominal-seed-100019,nominal,100019,2903.127694282696,0.0006340805250487322,0.003774270864827232,0.0021212664327604886,0.01874550747124786,0.06280676838839123,0.7980769230769231,0.0062031807502072695
nominal-seed-100020,nominal,100020,2901.9326327586386,0.0006773260671098084,0.004111105263160593,0.0027158274877056793,0.020460981231379422,0.06229561002133341,0.7980769230769231,0.007028806748206869
nominal-seed-100021,nominal,100021,2905.7867760884083,0.0006350493788131974,0.0038016238067962297,0.002157761175468838,0.018828680920906452,0.06718532035574565,0.7980769230769231,0.00644244096942163
nominal-seed-100022,nominal,100022,2906.222764671309,0.0006132030595723849,0.003823083820646857,0.0023830221582811445,0.019010530611744472,0.06722268286080056,0.7964743589743589,0.006759474887743604
nominal-seed-100023,nominal,100023,2900.174901182983,0.0006423590703815883,0.0040225531359472004,0.002357288755329637,0.020038325338534738,0.06286129705469436,0.8060897435897436,0.006154575045244554
nominal-seed-100024,nominal,100024,2907.7759131661032,0.0006552869344671395,0.0038694273536882392,0.0024715904523790965,0.01923948197541412,0.061276930477701066,0.7980769230769231,0.007062227675228518
nominal-seed-100025,nominal,100025,2905.144121099,0.0006728706756913033,0.003883111338221849,0.002422406578389697,0.01921681223272344,0.05745751977928233,0.8012820512820513,0.007045689883076631
nominal-seed-100026,nominal,100026,2902.5860737830635,0.0006640276381508777,0.0040125170883667845,0.002534961276135952,0.019736897335445674,0.0664463719837337,0.8012820512820513,0.006658276662979591
nominal-seed-100027,nominal,100027,2901.255631394376,0.0006226292647625241,0.004042895636198707,0.002419788228473247,0.020062345663031972,0.05973604457819617,0.7868589743589743,0.006575883085824179
nominal-seed-100028,nominal,100028,2902.5247047676557,0.0006226969115343991,0.0037932242947243317,0.0023997335645696643,0.01883029343701233,0.06486903128659091,0.7980769230769231,0.006652739193562452
nominal-seed-100029,nominal,100029,2899.7218027855765,0.0005329859893626811,0.003905708532742388,0.0018602266326636766,0.019474118019298246,0.06922086985203783,0.8028846153846154,0.005722201664755771
nominal-seed-100030,nominal,100030,2897.708385503524,0.0006121332243071215,0.003862520278014651,0.0022947563488926012,0.019172926758063466,0.06181977259708509,0.7932692307692307,0.006794059296555673
nominal-seed-100031,nominal,100031,2900.722635977637,0.0006470326474331456,0.004040947337620758,0.002298159554861335,0.019975962808552617,0.0706429776470284,0.7996794871794872,0.005881371578105144
nominal-seed-100032,nominal,100032,2902.1356521685543,0.0006636292063863855,0.004135035309239188,0.0026460467706586007,0.020436624551447513,0.06787437317036518,0.8012820512820513,0.007107844095707032
nominal-seed-100033,nominal,100033,2898.0210145236697,0.0005605876555158815,0.00414197557012253,0.0020447282176188426,0.020553523083672802,0.0721010444392625,0.8028846153846154,0.005941094793275651
nominal-seed-100034,nominal,100034,2901.8578006289317,0.0006329992935240154,0.0039696507584936185,0.0023260651765497557,0.019760572308320828,0.05790011665898693,0.7948717948717948,0.006223438426337523
nominal-seed-100035,nominal,100035,2901.1758248842452,0.0006643645460298483,0.0037891795103044616,0.0025424889626854195,0.01882226701181968,0.06220179788470691,0.7980769230769231,0.007447471380418316
nominal-seed-100036,nominal,100036,2907.079863166383,0.0006017466517650447,0.00403949836787804,0.002139901825135317,0.020090313850266314,0.06679770279062398,0.7964743589743589,0.005684680369317915
nominal-seed-100037,nominal,100037,2897.0647970398686,0.0006254694612821541,0.004160726348183395,0.002136543931383472,0.020737314667439374,0.06364462182101584,0.7996794871794872,0.005970206519724715
nominal-seed-100038,nominal,100038,2897.7992344356644,0.0006212128802547492,0.0040200733081591075,0.002224444422531691,0.01998819213991903,0.06726421755134994,0.8044871794871795,0.006554689690122537
nominal-seed-100039,nominal,100039,2904.7168161158256,0.0006745844967884521,0.0041202858184656264,0.002608681379121502,0.0204522416642171,0.06299214830540156,0.7980769230769231,0.006936433131158981
nominal-seed-100040,nominal,100040,2902.616871481069,0.0006226156268669617,0.003528085777860918,0.0022494435207406002,0.017570431813372533,0.057138910961387394,0.7916666666666666,0.006580554645500116
nominal-seed-100041,nominal,100041,2901.292088621292,0.0006088674699439243,0.003934232888054077,0.0022940310148817627,0.01960481104619322,0.06574567688180355,0.7980769230769231,0.00648982356214554
nominal-seed-100042,nominal,100042,2896.3208024759956,0.0006383489275851703,0.0039222548670909884,0.0021848133579680444,0.01942476150693869,0.06532860103697641,0.7932692307692307,0.0060562173235767435
nominal-seed-100043,nominal,100043,2899.4396208413054,0.0006093922261906563,0.0039318155971412245,0.002217092658551027,0.019481100830276033,0.06140315901539001,0.7948717948717948,0.005878614894306653
nominal-seed-100044,nominal,100044,2902.1139674348965,0.0006594114741926815,0.0040496959151014285,0.0024903317529153175,0.020177863176354796,0.06203270152991274,0.7964743589743589,0.006321218987371464
nominal-seed-100045,nominal,100045,2910.6483758943186,0.0005855721808723693,0.0036312305399818522,0.0020328149468336735,0.01805670345400085,0.07294607574606676,0.7932692307692307,0.005726722450117187
nominal-seed-100046,nominal,100046,2906.4916037902854,0.0006328387933404066,0.0038191330625752793,0.002389870264765037,0.019005046313087175,0.06719545364145321,0.7980769230769231,0.006330215608790223
nominal-seed-100047,nominal,100047,2901.1649939195336,0.0005974079595243893,0.004066630740967051,0.0020961159363286717,0.02024290497925598,0.06714470202547392,0.7996794871794872,0.005576668118813903
nominal-seed-100048,nominal,100048,2901.10473326949,0.0005990740000293148,0.003939430815123423,0.0021449836509332258,0.019567505243578174,0.08101537625482902,0.8028846153846154,0.005949384812546026
nominal-seed-100049,nominal,100049,2902.0423994696666,0.0005710216864625393,0.004025904933996171,0.0019565009837972454,0.020091962426228183,0.06366711785194597,0.7980769230769231,0.005425530603080161
nominal-seed-100050,nominal,100050,2908.933259391799,0.0006711601320508186,0.004008604876653098,0.0025851965796816435,0.019942395498736856,0.05321768805370527,0.7948717948717948,0.006520414199940796
nominal-seed-100051,nominal,100051,2903.479942967672,0.0006558730638213378,0.004001023955276264,0.0023618900703024173,0.01994664254481208,0.06765508301540755,0.7964743589743589,0.006468025522993627
nominal-seed-100052,nominal,100052,2900.746496742019,0.0006192261082931526,0.0040625189187060125,0.0021866514821916407,0.020155577546964867,0.06646094449509278,0.7916666666666666,0.006357213209594869
nominal-seed-100053,nominal,100053,2898.811853621532,0.0006041664486902854,0.003996322280796848,0.0023676508393372956,0.019903077318099784,0.053429625939524106,0.7964743589743589,0.006741334660311943
nominal-seed-100054,nominal,100054,2896.641245568774,0.0005961328049570178,0.004033277192566912,0.002176622269982205,0.01997918514919672,0.06636379125187676,0.7948717948717948,0.006507833942547998
nominal-seed-100055,nominal,100055,2899.833231619758,0.0006556389191424336,0.004065559513003455,0.0024088425436412176,0.020084119250836897,0.058826284389273266,0.8012820512820513,0.006977675935839428
nominal-seed-100056,nominal,100056,2902.01444888875,0.0007000219795749519,0.004084134162401087,0.002573316527078558,0.020242299841472477,0.061877949316656376,0.8028846153846154,0.006665837045052067
nominal-seed-100057,nominal,100057,2897.621440194002,0.0007174005680671845,0.0040671111093457555,0.002742394674016472,0.020203518039662978,0.05403381001745157,0.8076923076923077,0.007212170397328816
nominal-seed-100058,nominal,100058,2899.29648716359,0.0006423335722094794,0.003872758227481139,0.0023614139982928196,0.019287507580564522,0.06370764842861305,0.7964743589743589,0.006375428392435462
nominal-seed-100059,nominal,100059,2903.4818950706476,0.0006533445616847128,0.003815047090894094,0.002475962446740378,0.018890173713468652,0.058221210177837275,0.7932692307692307,0.0076864669786603414
noise_density-seed-110000,noise_density,110000,2916.6650562652335,0.0017296677708325734,0.0065992131657765535,0.0038868661078307705,0.031777145802952954,0.12081763071328987,0.8092948717948718,0.005240908561332768
noise_density-seed-110001,noise_density,110001,2900.678077456431,0.001721517267978111,0.006054062429399911,0.004039355463175389,0.029141541561247243,0.1302486678937493,0.8092948717948718,0.0061453244071394695
noise_density-seed-110002,noise_density,110002,2905.968814470758,0.0016904293356128479,0.006357013484824225,0.004491351550822365,0.031231144320269008,0.11746244756887404,0.7980769230769231,0.006374363857507389
noise_density-seed-110003,noise_density,110003,2887.2375171564468,0.001782807387006054,0.006725685975733091,0.004526917875710669,0.033128275072720564,0.12587593165630906,0.7996794871794872,0.005918519018938446
noise_density-seed-110004,noise_density,110004,2894.316952010023,0.0018475329258560492,0.006469903093372574,0.004330237371818563,0.03148733455732039,0.11552191030473748,0.8012820512820513,0.005989512191907828
noise_density-seed-110005,noise_density,110005,2889.7556921870723,0.0016953789389332105,0.006078673235460631,0.004497181634414203,0.02979213719019119,0.1279591814078154,0.8060897435897436,0.006323738764567787
noise_density-seed-110006,noise_density,110006,2913.0919928806734,0.0018048346157202044,0.006920382464858025,0.0045492885899036176,0.03385993044804249,0.11538743036911707,0.8092948717948718,0.006410414823850729
noise_density-seed-110007,noise_density,110007,2893.2496367746926,0.0017306801326520175,0.006658198641630154,0.004292466060192951,0.03250253805151371,0.11979888313714696,0.8173076923076923,0.005665718096649644
noise_density-seed-110008,noise_density,110008,2904.966068537409,0.0017947008351116818,0.0067542199604878166,0.004499496007096136,0.03281134653661878,0.10459040495373244,0.8076923076923077,0.006073856968205285
noise_density-seed-110009,noise_density,110009,2906.4244750382995,0.0017559021532553784,0.006027759709904377,0.004138256409284804,0.029233202600982354,0.124907766138891,0.8092948717948718,0.006585364415543217
noise_density-seed-110010,noise_density,110010,2902.513933560542,0.0017787663499354396,0.006728061619307065,0.004263395690013039,0.0327946142259956,0.10076100909629881,0.8044871794871795,0.006668215170229306
noise_density-seed-110011,noise_density,110011,2899.042789036839,0.0018955458440992443,0.006456900594238398,0.004793756342623613,0.030753315645242384,0.12784677584136048,0.7996794871794872,0.006334309594912028
noise_density-seed-110012,noise_density,110012,2905.3893746239983,0.0018269853976263348,0.006284126531747844,0.0045228674991284745,0.030117490211646905,0.12109862696957187,0.8012820512820513,0.0060087893131121365
noise_density-seed-110013,noise_density,110013,2912.3211784311784,0.0017965468675789804,0.0068216657310785096,0.004709913136339062,0.033409627820329225,0.12416982372466857,0.7996794871794872,0.006967620668072175
noise_density-seed-110014,noise_density,110014,2903.7690956449806,0.0017834949219202765,0.006476344257966346,0.004709930379968309,0.03191430049334377,0.11344245230216618,0.7996794871794872,0.006477274993305479
noise_density-seed-110015,noise_density,110015,2904.2141962785727,0.0017278373739557991,0.006419642860536647,0.004062015570818636,0.031513415760356094,0.11338503248723246,0.8012820512820513,0.004977186393847398
noise_density-seed-110016,noise_density,110016,2911.3165147824084,0.0018352441136576406,0.006621726452272677,0.0037485652146790004,0.03261757474108421,0.12845611753107894,0.8108974358974359,0.0051909562835449575
noise_density-seed-110017,noise_density,110017,2908.5781163200827,0.0018145380845183085,0.00609663638338637,0.004639776395725016,0.029783501568224954,0.11801438858036849,0.8044871794871795,0.0068749725796956465
noise_density-seed-110018,noise_density,110018,2894.161103467238,0.0017144276342332828,0.0060220483258211195,0.003982386456183052,0.02958050456007203,0.1177236135813391,0.8125,0.0052039387828205965
noise_density-seed-110019,noise_density,110019,2898.7933676877137,0.0018027578743884066,0.0059389782323358105,0.004599068991033348,0.029073085994917487,0.1151263120269743,0.8076923076923077,0.00604583853940943
noise_density-seed-110020,noise_density,110020,2895.701809719529,0.0016890836231719904,0.006395520815778201,0.004184995558962489,0.03107415403990166,0.10547986195635413,0.8044871794871795,0.005869984561081245
noise_density-seed-110021,noise_density,110021,2907.220904184054,0.0018148469343422175,0.006370331783246677,0.004865014020516967,0.03129043294127107,0.11015647598256674,0.7964743589743589,0.0066687566310704854
noise_density-seed-110022,noise_density,110022,2901.5539927125224,0.0018385218542813137,0.006865539485883952,0.004343439566776078,0.033556248622156185,0.12372764355817736,0.7996794871794872,0.005990786788209905
noise_density-seed-110023,noise_density,110023,2900.4859420226244,0.001771214532205326,0.006755140069737299,0.004805493321992145,0.03288103890937388,0.12564221126415404,0.8012820512820513,0.006935654451977076
noise_density-seed-110024,noise_density,110024,2912.073698421134,0.0017533563792217078,0.006071760600096805,0.00438852995255012,0.029672172934309567,0.10531779842933488,0.8076923076923077,0.005901142118854928
noise_density-seed-110025,noise_density,110025,2907.6445164687752,0.0017805786124376042,0.0060585763167559925,0.0048003338055303294,0.029939263413160652,0.10246887599275059,0.8060897435897436,0.006778829617793459
noise_density-seed-110026,noise_density,110026,2921.0483334789333,0.0017689406769637816,0.0071274449953032445,0.0042309408456203575,0.03523307707689024,0.12902920148232894,0.7932692307692307,0.005479552304842865
noise_density-seed-110027,noise_density,110027,2895.336045849556,0.0017717243214794966,0.006717302064317028,0.005172274069296937,0.032328535303836996,0.10961818672320493,0.8044871794871795,0.006916569130678991
noise_density-seed-110028,noise_density,110028,2919.3323801279694,0.001720146765767953,0.0061003206684256414,0.003883011070068713,0.029499378804929616,0.1314680139782095,0.8125,0.005757289108319536
noise_density-seed-110029,noise_density,110029,2913.143065252247,0.001789660378630955,0.006317509921161144,0.004444698745830597,0.029998942176285376,0.11503941894223577,0.8028846153846154,0.006402030144469416
noise_density-seed-110030,noise_density,110030,2912.6999491595216,0.0016781852526370176,0.0059894229309577236,0.004415747129846618,0.029098721492397745,0.1120213999453565,0.7980769230769231,0.006493984379196352
noise_density-seed-110031,noise_density,110031,2891.444362231937,0.0017042928287089143,0.006627774746764156,0.004481366846846537,0.032263098320215074,0.1123891961786163,0.8012820512820513,0.005756842956566633
noise_density-seed-110032,noise_density,110032,2906.7688847010195,0.001604853452478769,0.0065701376400437266,0.004278505241687436,0.03235100037321384,0.12026380467577592,0.8092948717948718,0.005625330520336038
noise_density-seed-110033,noise_density,110033,2916.8601282595932,0.0018378106621768598,0.00660646305026654,0.004435027072151472,0.0324791309707672,0.11013618757573007,0.8012820512820513,0.005617451414375301
noise_density-seed-110034,noise_density,110034,2899.41107270767,0.0017271936407763167,0.006378518737203555,0.003940642686002857,0.030912308355630642,0.12522262543058343,0.8141025641025641,0.005670148857057878
noise_density-seed-110035,noise_density,110035,2899.2235293916565,0.0017186059293904231,0.006948738324034867,0.004389575168332686,0.03426519076280378,0.12243414825396962,0.7964743589743589,0.00580185560705405
noise_density-seed-110036,noise_density,110036,2909.026452494468,0.001771932560431738,0.006066106156761139,0.004648611627577999,0.029751313347075505,0.11221113668450092,0.8009630818619583,0.006380907187353475
noise_density-seed-110037,noise_density,110037,2892.6024355547333,0.001819419424656828,0.007096169578631351,0.00459803348470093,0.035002688788806406,0.12476664419542345,0.8092948717948718,0.006249959445192499
noise_density-seed-110038,noise_density,110038,2898.1709094428466,0.001688767731566511,0.00628923598884022,0.004306894132895995,0.03060326584491183,0.1255153413593426,0.8125,0.006301428297963253
noise_density-seed-110039,noise_density,110039,2915.1988102264,0.0016904135115950578,0.005902823096671128,0.0036932689568037846,0.02890314127469526,0.13114072106443303,0.8028846153846154,0.004857925954519561
noise_density-seed-110040,noise_density,110040,2903.279873739654,0.001757740443784381,0.006503127611890944,0.00449850219036268,0.03172193501665283,0.10238715736308047,0.8076923076923077,0.006225912708814201
noise_density-seed-110041,noise_density,110041,2896.712846701564,0.0018911069372953098,0.007020806049680168,0.004535201970311541,0.034299624645068076,0.11498175896511398,0.7964743589743589,0.006108845173389515
noise_density-seed-110042,noise_density,110042,2903.6894076824865,0.001919188016044654,0.006211037057754952,0.004254359517175702,0.03047631783458739,0.11013879428995245,0.8012820512820513,0.005765874811120066
noise_density-seed-110043,noise_density,110043,2901.21032222898,0.0018658717212845222,0.005685576943150541,0.004738282699076005,0.027660531471305892,0.10467877719421427,0.8028846153846154,0.0071691283778599416
noise_density-seed-110044,noise_density,110044,2915.7398236067065,0.0018292630182049872,0.006987662365027217,0.004411732044040811,0.033848905509377414,0.12706216191160682,0.7980769230769231,0.006313248321768007
noise_density-seed-110045,noise_density,110045,2908.4028653615287,0.0017663881319600195,0.005973608440700842,0.00470657717181421,0.028976018871985774,0.12037413615141045,0.7996794871794872,0.006365807988253043
noise_density-seed-110046,noise_density,110046,2898.0785677458134,0.001771687477003711,0.006820973514790726,0.004852681606077334,0.03339622486333765,0.10830331120017715,0.8028846153846154,0.00602855443966084
noise_density-seed-110047,noise_density,110047,2900.8363348659163,0.0018047711930615866,0.006374183956704345,0.003887650395177892,0.030835044437135733,0.1215381825590779,0.7964743589743589,0.005075454792017467
noise_density-seed-110048,noise_density,110048,2893.3112944385307,0.0018065624439720684,0.006847107172761869,0.004156450071650869,0.03357788377441408,0.13270143070102783,0.8076923076923077,0.006062382969023726
noise_density-seed-110049,noise_density,110049,2894.011524365762,0.0018522203921843483,0.007122157969778366,0.004570260987939739,0.03509306894947311,0.1163736869432278,0.8028846153846154,0.006378594987567163
noise_density-seed-110050,noise_density,110050,2901.815862211906,0.0017822052143951841,0.006254383088065946,0.00404738147501788,0.03049544502971171,0.12003981753410337,0.8076923076923077,0.0050571321643804075
noise_density-seed-110051,noise_density,110051,2905.0228699062136,0.0018302438195937942,0.00624752871442112,0.0046621029147313016,0.030410792412795814,0.108974275161242,0.8092948717948718,0.006368197259177813
noise_density-seed-110052,noise_density,110052,2913.507118586795,0.0018909863083061843,0.0069533019969648825,0.005054908227219502,0.034145850901945274,0.11565406012589033,0.7964743589743589,0.006030763345581301
noise_density-seed-110053,noise_density,110053,2901.9479081406353,0.001801765769168138,0.006099954016976168,0.004340024828613161,0.029805387893373437,0.11728940343901478,0.7996794871794872,0.005873125124741754
noise_density-seed-110054,noise_density,110054,2911.149670166496,0.0018431274687576132,0.006760920475993113,0.004123829943808396,0.03295203424676031,0.12249894966640525,0.8076923076923077,0.005577303087589558
noise_density-seed-110055,noise_density,110055,2898.0653865086742,0.0016984886476391508,0.006650726008583549,0.00438639986702697,0.03267024465656128,0.11438810886638635,0.8012820512820513,0.006320728238134758
noise_density-seed-110056,noise_density,110056,2906.062860778435,0.0016439226728678178,0.007187128494110198,0.004416560054140576,0.03515425788964228,0.11027449791797576,0.7948717948717948,0.006573865932434556
noise_density-seed-110057,noise_density,110057,2904.045686437587,0.0017436657486982938,0.006919401675360427,0.004586999378090281,0.03385077342770045,0.10813891908610597,0.8012820512820513,0.005823016558634225
noise_density-seed-110058,noise_density,110058,2907.2766102882874,0.0018145354638534447,0.006800022849161496,0.005019508030296006,0.033318840562321726,0.11188457468592229,0.8012820512820513,0.007036782697520209
noise_density-seed-110059,noise_density,110059,2915.2768890287607,0.0017035871885254874,0.006417761839405732,0.004291974896505644,0.03163454882713314,0.12008614482710321,0.8060897435897436,0.005689062723823403
occlusion_outlier-seed-120000,occlusion_outlier,120000,2906.4995370146357,0.0009402773571843715,0.005650030602970676,0.0026391148742049,0.02804904949573662,0.0963267633283902,0.8044871794871795,0.0060981516961191315
occlusion_outlier-seed-120001,occlusion_outlier,120001,2915.182314173293,0.0008489151766340316,0.005428592437791332,0.002164212067861926,0.026366573926689323,0.10203610717715084,0.8060897435897436,0.004913105047335062
occlusion_outlier-seed-120002,occlusion_outlier,120002,2897.8493305801626,0.001000082221269267,0.005606588007855718,0.0030679615275803354,0.027818241856762495,0.10481684495364672,0.7996794871794872,0.005849824368055143
occlusion_outlier-seed-120003,occlusion_outlier,120003,2922.6412283205336,0.0009512315896349836,0.005364250408246038,0.002924573543786451,0.026598616250920554,0.09288331905009398,0.8028846153846154,0.006117785013864638
occlusion_outlier-seed-120004,occlusion_outlier,120004,2923.53311731046,0.000977078976872066,0.005433265165858366,0.0026629546398662662,0.026644453363498355,0.10772481995764899,0.8141025641025641,0.0060147152005034805
occlusion_outlier-seed-120005,occlusion_outlier,120005,2894.0000911095844,0.0009011557683397816,0.005973769446757857,0.002812977091724597,0.028500799190474102,0.08557115583687577,0.8060897435897436,0.006759803476013925
occlusion_outlier-seed-120006,occlusion_outlier,120006,2913.0660785649475,0.0009998701764291945,0.005220830809436443,0.0026721678596542072,0.025567952433850342,0.1225406611810863,0.8028846153846154,0.006147830605622538
occlusion_outlier-seed-120007,occlusion_outlier,120007,2902.7477784644607,0.0009983713166533594,0.005445479011637221,0.0034680476453859423,0.02698123658164673,0.10756579465892671,0.8060897435897436,0.006537178106938725
occlusion_outlier-seed-120008,occlusion_outlier,120008,2920.2872411491103,0.0008955318549905976,0.005417346346407162,0.0025739114751822767,0.02700712039009546,0.1020327195597996,0.8028846153846154,0.006374759155262207
occlusion_outlier-seed-120009,occlusion_outlier,120009,2906.53209283428,0.000929317820890108,0.005309771520435625,0.002637962588417139,0.026292379998540633,0.1105704564157233,0.7932692307692307,0.005932633086089958
occlusion_outlier-seed-120010,occlusion_outlier,120010,2902.692244685037,0.0009604648441499908,0.005692646670834062,0.002567485414044661,0.027581506899610163,0.12041627063874358,0.8012820512820513,0.006340151890786341
occlusion_outlier-seed-120011,occlusion_outlier,120011,2913.4412925420074,0.0022118925555101765,0.004750650129189835,0.010267931200851723,0.023208955938461465,0.10647437820998863,0.8125,0.005782357556536745
occlusion_outlier-seed-120012,occlusion_outlier,120012,2909.832617921892,0.0009801639740759554,0.0056300849486632994,0.0028678832114804663,0.027230205195274738,0.09506739710517798,0.8044871794871795,0.006202851034884553
occlusion_outlier-seed-120013,occlusion_outlier,120013,2943.1983047809695,0.0010211616171925803,0.005833358438718022,0.003016904619905377,0.028979253909919234,0.09790955779137016,0.8076923076923077,0.0061663326072547335
occlusion_outlier-seed-120014,occlusion_outlier,120014,2917.399788052457,0.0010088949908571105,0.004696109333898955,0.0024945828963772038,0.023216369404794174,0.12992951793626104,0.7980769230769231,0.005646696850215782
occlusion_outlier-seed-120015,occlusion_outlier,120015,2915.940693417753,0.0009632695463584586,0.005440036033577055,0.002727380157016244,0.026547525796346255,0.11104333023557242,0.8012820512820513,0.00569136752593382
occlusion_outlier-seed-120016,occlusion_outlier,120016,2899.3838622005424,0.0020573315034424673,0.005075355990754755,0.009271700992817123,0.02258425001676919,0.10666087315070176,0.8141025641025641,0.006401101818705648
occlusion_outlier-seed-120017,occlusion_outlier,120017,2918.212913346427,0.000978120789391904,0.006282927767979126,0.002716144587242378,0.03003072603376881,0.11304404452875055,0.8012820512820513,0.006754399099027145
occlusion_outlier-seed-120018,occlusion_outlier,120018,2903.3105589116108,0.0010155284287555483,0.005947077506231516,0.002960158165453665,0.027395294728797526,0.10525646431185524,0.7980769230769231,0.006653567274489984
occlusion_outlier-seed-120019,occlusion_outlier,120019,2911.42153973375,0.000934764731476136,0.005742858076213654,0.0027397875197217696,0.027608029624603545,0.10015799783183407,0.8141025641025641,0.006679194715383279
occlusion_outlier-seed-120020,occlusion_outlier,120020,2920.336842910655,0.0009077662912178478,0.0050307895527322245,0.0027403910077538926,0.024674282848239047,0.11323672441996753,0.7948717948717948,0.005415018958867092
occlusion_outlier-seed-120021,occlusion_outlier,120021,2921.3437079459763,0.0010174130248684818,0.005840763030854159,0.002916188338764718,0.029100611026578342,0.10237455815502759,0.8108974358974359,0.006432414899195934
occlusion_outlier-seed-120022,occlusion_outlier,120022,2906.056152978133,0.0009823773359884643,0.006038282459995823,0.003026122498725367,0.030047904213528914,0.09441788903779197,0.8012820512820513,0.0057663753151338225
occlusion_outlier-seed-120023,occlusion_outlier,120023,2907.9284251125177,0.0009632777661922819,0.00624605061972561,0.0027440012105810125,0.03102181122291047,0.11391981440673235,0.8060897435897436,0.006665044418581937
occlusion_outlier-seed-120024,occlusion_outlier,120024,2906.311245715792,0.0009118018683759279,0.00561241373879993,0.0026514119705194415,0.027927132720482764,0.11528845225095037,0.7964743589743589,0.005365676539475358
occlusion_outlier-seed-120025,occlusion_outlier,120025,2928.928161189845,0.0009353110368791607,0.005202755993428887,0.002847937228890216,0.025602347228068312,0.1042774727197192,0.8108974358974359,0.00640001671818472
occlusion_outlier-seed-120026,occlusion_outlier,120026,2902.9602992039945,0.0010560118728455325,0.0058022770902189215,0.0035011836162317914,0.02827447634087418,0.10579851043211747,0.8028846153846154,0.006390647675092913
occlusion_outlier-seed-120027,occlusion_outlier,120027,2908.3392701987614,0.0009040210109376302,0.006159343631728829,0.0024893915910087104,0.030612552182850018,0.10464545983460696,0.8076923076923077,0.005646078200411109
occlusion_outlier-seed-120028,occlusion_outlier,120028,2899.713761362487,0.0023351319283718783,0.005829208345237843,0.010895859010340682,0.028798083479702245,0.10899530582175207,0.8173076923076923,0.006223278247545107
occlusion_outlier-seed-120029,occlusion_outlier,120029,2900.2204575653536,0.0009860959516883629,0.005011911376229206,0.002856147125035308,0.02481853901235094,0.09470505992354876,0.7980769230769231,0.006126483117097256
occlusion_outlier-seed-120030,occlusion_outlier,120030,2907.720831275839,0.0009567539519742474,0.005276395274786675,0.00311579913464552,0.026139149576427254,0.09684701979810025,0.8028846153846154,0.007008750008408914
occlusion_outlier-seed-120031,occlusion_outlier,120031,2906.960714774778,0.0008893081145259603,0.00548797396966598,0.0024402482957421034,0.027291129715696385,0.09474302845685625,0.8141025641025641,0.006553390562550341
occlusion_outlier-seed-120032,occlusion_outlier,120032,2909.7581770743127,0.0009416942726315267,0.005518967768842196,0.002744277933992675,0.027301790438174097,0.11939742505596439,0.7996794871794872,0.005378614082141811
occlusion_outlier-seed-120033,occlusion_outlier,120033,2907.187518257495,0.0009846007127016652,0.0053779437967417364,0.002696435099338364,0.026088869125698477,0.11499413142820827,0.8092948717948718,0.005943177941923223
occlusion_outlier-seed-120034,occlusion_outlier,120034,2908.55183810535,0.0010415496961878393,0.006991962727659544,0.0033387966778615254,0.03477847805720414,0.10252571151540894,0.7948717948717948,0.007012292305971437
occlusion_outlier-seed-120035,occlusion_outlier,120035,2905.385060717107,0.0010095609174006566,0.0058747331129895405,0.0032026340626723875,0.028917528486571826,0.09477722366571859,0.7948717948717948,0.00682516622410158
occlusion_outlier-seed-120036,occlusion_outlier,120036,2911.493129004412,0.0009642243445827499,0.006395626719264103,0.0028426550652918925,0.030688726500014755,0.08976929483761908,0.8076923076923077,0.006652559438040066
occlusion_outlier-seed-120037,occlusion_outlier,120037,2917.4197124661127,0.000933585638443662,0.005786129139318726,0.0030899601790523585,0.02795105923477664,0.10535344760408383,0.7980769230769231,0.006191360203927075
occlusion_outlier-seed-120038,occlusion_outlier,120038,2912.6058583846834,0.0009809825565898981,0.005101578630956503,0.003105462368544953,0.02530587722930739,0.10239682351880741,0.7980769230769231,0.006662224850894533
occlusion_outlier-seed-120039,occlusion_outlier,120039,2906.0189464732834,0.0010292053550538943,0.006163891156247743,0.003187628256314237,0.03044646992130597,0.09221839558193783,0.7996794871794872,0.006244698496743634
occlusion_outlier-seed-120040,occlusion_outlier,120040,2921.8615268654744,0.0008870739100554539,0.005884501663495881,0.002476709053253214,0.0290968777064382,0.09997734742941837,0.8060897435897436,0.005774152519219065
occlusion_outlier-seed-120041,occlusion_outlier,120041,2917.282163266014,0.0009230338413726308,0.0061366518382900605,0.0027578747556311566,0.030415583460633337,0.10728353335492681,0.8044871794871795,0.006226297836284592
occlusion_outlier-seed-120042,occlusion_outlier,120042,2904.1408430686615,0.0009829058094102667,0.005948442603886874,0.002933856691705005,0.029321819555229365,0.10583940783382416,0.7980769230769231,0.005632627951961195
occlusion_outlier-seed-120043,occlusion_outlier,120043,2917.3907071974386,0.0009521525986769436,0.005558921019924013,0.0023578365357507076,0.027363854694255924,0.12677051771209832,0.8044871794871795,0.004937501737672582
occlusion_outlier-seed-120044,occlusion_outlier,120044,2911.3930224797045,0.0009408823528354436,0.005678252478025132,0.0027485931176809645,0.027594586157287448,0.09993819938721736,0.8125,0.005839260421000324
occlusion_outlier-seed-120045,occlusion_outlier,120045,2894.2999595199653,0.0010707560475947194,0.006577199523521852,0.003442298177601572,0.031159381162172976,0.10813086350153238,0.8060897435897436,0.006913011478867504
occlusion_outlier-seed-120046,occlusion_outlier,120046,2922.8589465128102,0.0008996304503076219,0.005257044476176384,0.0023745447832387067,0.0261731983576038,0.1128805709456038,0.8028846153846154,0.005511805741689802
occlusion_outlier-seed-120047,occlusion_outlier,120047,2908.5816753141885,0.000946234696194382,0.006320588938956221,0.0030546935184997963,0.02967662623964538,0.11297840063125249,0.8044871794871795,0.005717919305504132
occlusion_outlier-seed-120048,occlusion_outlier,120048,2907.7385945176356,0.0009413686534378165,0.005211154065245944,0.002700918176445928,0.025816213185491984,0.11303520549865925,0.8012820512820513,0.006172589766269656
occlusion_outlier-seed-120049,occlusion_outlier,120049,2909.7011928138713,0.0008714293588538473,0.00533934526932593,0.0025315279460622737,0.026379244143582732,0.10508704783315136,0.8092948717948718,0.0054244804036329315
occlusion_outlier-seed-120050,occlusion_outlier,120050,2916.667165482448,0.000983138231725291,0.00548914552943269,0.002767247651237384,0.02560490604853713,0.10102708949610857,0.8076923076923077,0.006560165719865243
occlusion_outlier-seed-120051,occlusion_outlier,120051,2898.273689315537,0.0009587526452340381,0.00632599031771999,0.0025791034476809528,0.026448812225728726,0.11032937119162338,0.8205128205128205,0.005338946255678321
occlusion_outlier-seed-120052,occlusion_outlier,120052,2914.096031299327,0.000951787601879032,0.005638670959063493,0.0027423333048540396,0.027371043672138974,0.10861511640191701,0.7996794871794872,0.006185482948725947
occlusion_outlier-seed-120053,occlusion_outlier,120053,2908.0732993717497,0.0009969592680370435,0.005368930734057732,0.00279559969000177,0.026444771255502323,0.10425165157988078,0.8060897435897436,0.006565549512220228
occlusion_outlier-seed-120054,occlusion_outlier,120054,2924.655700257589,0.0009290537944764793,0.005399839595290353,0.0026712428130362307,0.026424321202102714,0.10986852315032242,0.8044871794871795,0.00607402619982143
occlusion_outlier-seed-120055,occlusion_outlier,120055,2919.1847337148984,0.0009281729238788457,0.005555598671346485,0.003009693264022366,0.027564217476495453,0.1042400939649044,0.8012820512820513,0.006024936639495411
occlusion_outlier-seed-120056,occlusion_outlier,120056,2902.1233781843666,0.0009068838508291895,0.006682158772796365,0.002785123143501336,0.033181639310247237,0.1065824005239,0.8076923076923077,0.005894387602036099
occlusion_outlier-seed-120057,occlusion_outlier,120057,2909.9410133960287,0.0022151990919023934,0.004718842145191499,0.010347056731585745,0.023461608132625968,0.10675163232114397,0.8237179487179487,0.005495222322398395
occlusion_outlier-seed-120058,occlusion_outlier,120058,2904.1781298847045,0.0009941167980270008,0.00528332554167855,0.003129849425646274,0.026096156954905286,0.10561301504611312,0.7996794871794872,0.006379221810880426
occlusion_outlier-seed-120059,occlusion_outlier,120059,2911.707415309748,0.0009103566804846015,0.005603524512699161,0.002579894689208633,0.027271683949414163,0.10490144021654853,0.8028846153846154,0.005374586458065936
pose_support-seed-130000,pose_support,130000,2915.247287255882,0.0008340440052860441,0.004554912404118249,0.002073762186738247,0.022547920490320138,0.10299593215228359,0.8221153846153846,0.005286324216333608
pose_support-seed-130001,pose_support,130001,2902.0905979332865,0.0008514846600971686,0.004741192365615825,0.002329865751715469,0.023521564001219068,0.08897368765436826,0.8141025641025641,0.005724515845374809
pose_support-seed-130002,pose_support,130002,2905.0201170528444,0.0009016911650147593,0.00485652347572201,0.002770606825216238,0.024137719077957975,0.10064170550717148,0.8125,0.006197726787707062
pose_support-seed-130003,pose_support,130003,2903.6893255744903,0.000839575473683744,0.004768739823943389,0.0024220734430479623,0.023494669488358228,0.07482684723625926,0.8060897435897436,0.005971951493581427
pose_support-seed-130004,pose_support,130004,2905.209453730346,0.0008629905459361264,0.0047055464669709226,0.0026991593599550233,0.023269103562678813,0.07979217047792031,0.7980769230769231,0.005949880451916192
pose_support-seed-130005,pose_support,130005,2906.8372992525483,0.0008680142309298596,0.004740321533685445,0.002519956300649397,0.0235993339722113,0.09029645168810506,0.8076923076923077,0.00636403247569204
pose_support-seed-130006,pose_support,130006,2912.6280096869696,0.0009447701082584825,0.004758792648865256,0.0028439684253373913,0.023490439104512217,0.09438985063863474,0.7980769230769231,0.006443452688790029
pose_support-seed-130007,pose_support,130007,2915.145962670234,0.000814368836446577,0.0047262492057322586,0.0024493252534757526,0.02339457618494662,0.09759734516464658,0.8012820512820513,0.005723641712497399
pose_support-seed-130008,pose_support,130008,2907.4469983911144,0.0007771946293171472,0.004741162620368923,0.0020361825364059766,0.023213612263378123,0.09270434433828727,0.8125,0.00518360484900909
pose_support-seed-130009,pose_support,130009,2898.1115279186474,0.0007828195910098742,0.004782989444337264,0.002502708834765017,0.023771661856422443,0.10471867877885178,0.8076923076923077,0.006047229680759719
pose_support-seed-130010,pose_support,130010,2929.8955952778697,0.0008720389363905969,0.004550796313270747,0.0025888781619112285,0.02254280496557239,0.09955170832851622,0.8092948717948718,0.005938170877669106
pose_support-seed-130011,pose_support,130011,2905.681922558606,0.0008417504457404467,0.004533589782000544,0.0025159230007540086,0.022531748760131615,0.09142942088648393,0.8157051282051282,0.0067726245205305576
pose_support-seed-130012,pose_support,130012,2901.2069065415335,0.000885435425930839,0.004879790997789118,0.0029085208976872426,0.024154153473210985,0.09606296208705303,0.7948717948717948,0.007082495479537602
pose_support-seed-130013,pose_support,130013,2917.3663449725373,0.0008594212745247817,0.004503288617776438,0.0022469850286003534,0.022162174128014203,0.10339463816182512,0.8060897435897436,0.006112273767712648
pose_support-seed-130014,pose_support,130014,2905.3822116575398,0.0008238651259049619,0.004588795417312787,0.0025024266642682917,0.022714484702166166,0.10052415298867534,0.8028846153846154,0.006233170252958159
pose_support-seed-130015,pose_support,130015,2901.9602268224467,0.0008905143636075939,0.004835845197630027,0.0024384167347155103,0.023999330220609766,0.08332443299158078,0.8108974358974359,0.006197940722874966
pose_support-seed-130016,pose_support,130016,2911.9903357463663,0.000863311317580251,0.004857902990818545,0.002720791421629011,0.024211578148791303,0.09138984927859226,0.8092948717948718,0.006832823700216119
pose_support-seed-130017,pose_support,130017,2907.5602023558636,0.000816539564445247,0.004556567537745798,0.0020940329392512605,0.022485467531667365,0.10929796544549564,0.8092948717948718,0.0054257448266234
pose_support-seed-130018,pose_support,130018,2904.403902914233,0.0008594577052460435,0.004904765522235202,0.0023998880243256207,0.02437767731183612,0.08019762934947745,0.8108974358974359,0.006215303923066141
pose_support-seed-130019,pose_support,130019,2909.642315823776,0.0008392214392085327,0.004452672060739754,0.002073861963720859,0.02208602183135119,0.0974517148706315,0.8157051282051282,0.005214880992913595
pose_support-seed-130020,pose_support,130020,2906.379211171872,0.0008001076935202549,0.0047196126584366765,0.0022257726831879554,0.023374940880935995,0.09429247888508421,0.8125,0.006145500193939735
pose_support-seed-130021,pose_support,130021,2906.7893297756004,0.0008524528400093998,0.005206352874044118,0.002406280971376926,0.025832276692468185,0.10964142194065044,0.8125,0.005532441111942004
pose_support-seed-130022,pose_support,130022,2916.6800386210884,0.0008364773791105621,0.004622507447531096,0.0025906529398366978,0.022990005808025443,0.08959590624867866,0.8173076923076923,0.006429852173087433
pose_support-seed-130023,pose_support,130023,2909.3323964153788,0.0008734640297932385,0.004737379943217753,0.0025034675146744004,0.023471171389112384,0.08336159708225513,0.8092948717948718,0.005790746025842865
pose_support-seed-130024,pose_support,130024,2926.411738087034,0.0008128436795808234,0.004958400885933926,0.0022433520327920725,0.02457741755991413,0.10573809765467136,0.8173076923076923,0.005225466001516122
pose_support-seed-130025,pose_support,130025,2900.0051400645148,0.0008049182350356928,0.0045109569189289616,0.001912465151663128,0.022240631859865717,0.09884590300410825,0.8141025641025641,0.005154148632258521
pose_support-seed-130026,pose_support,130026,2940.829753775209,0.0009015060627208146,0.004830976288713974,0.0030082946113549466,0.0238754874279216,0.08074460190327096,0.8012820512820513,0.006469064854289434
pose_support-seed-130027,pose_support,130027,2899.2194715646056,0.0007839067872285558,0.004490789500030402,0.0021421757410070266,0.022266062011999776,0.08465593185745163,0.7996794871794872,0.005265864046668313
pose_support-seed-130028,pose_support,130028,2900.565561719688,0.0008315169900023149,0.004702456860299789,0.002434736828870838,0.023439271508458107,0.09107532190818937,0.8189102564102564,0.00574477429975863
pose_support-seed-130029,pose_support,130029,2910.0970422280543,0.000889198345115765,0.005059927174799277,0.002652298007812784,0.02504315603411617,0.10210598227587368,0.8076923076923077,0.005792649313758052
pose_support-seed-130030,pose_support,130030,2898.1378770231236,0.0008244945587224321,0.004555902050172906,0.0023421284662151934,0.022566339542038606,0.09084749831527568,0.8189102564102564,0.0056632348411828955
pose_support-seed-130031,pose_support,130031,2908.5648808603687,0.0008002588408630612,0.004598424759787353,0.0019785821941823113,0.02275646769661856,0.08588712857425497,0.8189102564102564,0.00513366271383293
pose_support-seed-130032,pose_support,130032,2905.749357318756,0.000840447523436444,0.004736622378060225,0.0024766707464878397,0.02345273852702289,0.10571377899761561,0.8125,0.005768279610665156
pose_support-seed-130033,pose_support,130033,2902.158489019019,0.0009275497507568331,0.0047155518016459095,0.0031629994324337335,0.02329093861154556,0.07836097211256626,0.8060897435897436,0.006779452574634803
pose_support-seed-130034,pose_support,130034,2901.292525457173,0.0008448080347422688,0.004939665602724181,0.0022451978157212505,0.024450986066079285,0.08718391720933467,0.8092948717948718,0.0052250068042121725
pose_support-seed-130035,pose_support,130035,2911.506114746593,0.0007650634517392481,0.004633880610571578,0.0019694981263395557,0.0228043156152335,0.09054317803537949,0.8205128205128205,0.005040995344857237
pose_support-seed-130036,pose_support,130036,2915.992349689511,0.0008708915728039065,0.004637206311022292,0.0026927721722162586,0.022923958733315576,0.08531831269273847,0.8044871794871795,0.006043696320531317
pose_support-seed-130037,pose_support,130037,2908.6392356381166,0.0008726756704720568,0.005125191464347254,0.0026724739134557046,0.025078949008073316,0.08181117347718742,0.8108974358974359,0.006217050063046466
pose_support-seed-130038,pose_support,130038,2925.382287814411,0.0008353212225824687,0.004654909101001253,0.0024797375000045535,0.023135708169944764,0.1018265999895253,0.8044871794871795,0.005950104161931322
pose_support-seed-130039,pose_support,130039,2905.5004639341355,0.0008117869656788691,0.00481363006612214,0.002353344771452515,0.023947255060717855,0.08581785902269416,0.8141025641025641,0.005773509266109823
pose_support-seed-130040,pose_support,130040,2906.5712743345575,0.0008147936653856384,0.004648006110751406,0.0019948895644052544,0.02275475081695849,0.09588624278030779,0.8189102564102564,0.005490450418069605
pose_support-seed-130041,pose_support,130041,2901.4245787791992,0.0008914610397931812,0.004809817524547318,0.0022999475272265884,0.023915270595062457,0.1003328181564765,0.8125,0.005666795680486321
pose_support-seed-130042,pose_support,130042,2908.8408675993614,0.0007463213957915523,0.004255535100342766,0.0020891484267995036,0.021139688862705768,0.08946455792666505,0.8141025641025641,0.005513342874113932
pose_support-seed-130043,pose_support,130043,2910.2277666035493,0.000893503650744714,0.004702965478028144,0.0027682661377895247,0.02337077633922078,0.09317774809887641,0.8060897435897436,0.006338947471396528
pose_support-seed-130044,pose_support,130044,2913.718245811307,0.0008666625936623361,0.0047113952239279605,0.0024462682866510294,0.02325558287666588,0.09214941549153118,0.8108974358974359,0.00595450521860538
pose_support-seed-130045,pose_support,130045,2902.3845849245804,0.0008783351162060529,0.004863301289186637,0.002439386246164993,0.024052090276611496,0.07400238357792747,0.8173076923076923,0.006068221213365036
pose_support-seed-130046,pose_support,130046,2926.089542741679,0.0008671827498625041,0.005196156317878225,0.0024266013249318605,0.02578633612866392,0.10966575772737142,0.7996794871794872,0.005518101357316013
pose_support-seed-130047,pose_support,130047,2903.1051819392087,0.0008578154925951966,0.004658398564418301,0.002600535143723399,0.023169897242604678,0.0841100344015696,0.8125,0.0061606669909101755
pose_support-seed-130048,pose_support,130048,2903.783801721502,0.0008192450349183878,0.004765883352280519,0.0024524327347858967,0.023623995848306076,0.08338645386700058,0.8092948717948718,0.006134299912476943
pose_support-seed-130049,pose_support,130049,2907.1256817226204,0.0008344200598809988,0.004764826497002594,0.0024200255014107538,0.023607857601088897,0.07540117573569931,0.8060897435897436,0.00614766430976779
pose_support-seed-130050,pose_support,130050,2909.3792386696828,0.0009102244875040695,0.005197726859019606,0.0026676437248434374,0.025805124711449395,0.10349437432776727,0.7964743589743589,0.005958377722927683
pose_support-seed-130051,pose_support,130051,2904.793324505862,0.0009362547394859592,0.004602978291452136,0.002850818437377566,0.02279643692923009,0.08647175652867822,0.8108974358974359,0.006488808530465439
pose_support-seed-130052,pose_support,130052,2906.1233366701354,0.0008706477628652821,0.004823449624888822,0.002794280687535214,0.02397751967759942,0.1005314335613714,0.8012820512820513,0.006053303351955479
pose_support-seed-130053,pose_support,130053,2923.5645829343507,0.0008707605852956514,0.004745170375733198,0.0025287934544417864,0.023501354849519287,0.09279026405875679,0.8060897435897436,0.006651075611446251
pose_support-seed-130054,pose_support,130054,2908.303317640262,0.0007569280602931607,0.00466146176166817,0.0019546448073061665,0.023140528820625277,0.09348480927809961,0.8141025641025641,0.005297855422336171
pose_support-seed-130055,pose_support,130055,2907.6743862670655,0.0009131865709181583,0.005288685941621536,0.002925581606920689,0.026173233937361776,0.0941916638628032,0.7948717948717948,0.006291243228280105
pose_support-seed-130056,pose_support,130056,2913.925864807286,0.0008179263300062981,0.004630112010848775,0.0023267596900610216,0.023074053377242602,0.08915886752883097,0.7996794871794872,0.005749978307349257
pose_support-seed-130057,pose_support,130057,2913.8094571026504,0.0008883338298253751,0.004705606151821248,0.002719223638201108,0.023372385120716876,0.09218354287688736,0.8060897435897436,0.006001951704889608
pose_support-seed-130058,pose_support,130058,2912.279974150564,0.0008805188220022998,0.004514698764343313,0.0025103502451200885,0.022351080958914315,0.0988776180766245,0.8157051282051282,0.006083384681106717
pose_support-seed-130059,pose_support,130059,2910.2596828916016,0.0008445748448268237,0.004709686901985393,0.0027139192304693805,0.023232319002234214,0.09003144407581463,0.8076923076923077,0.006507550670172455
